True;df;sum_sq;mean_sq;F;PR(>F)
C(Treatments);1.0;0.010442070575827392;0.010442070575827392;0.0009160214081515019;0.9758827254676806
Residual;218.0;2485.0635206485035;11.399373947928915;;
