True;group1;group2;Diff;Lower;Upper;q-value;p-value
0;Q(mW/g) ;Predicted;0.013778818115184333;-0.8834949664680554;0.911052602698424;0.04280236928374735;0.9
